{
"lengthUnit": "mil",
"remark": [],
"components": {
	"fields": ["COMPONENT_NO", "COMPONENT_NAME", "LAYER", "X_COORDINATE", "Y_COORDINATE", "ANGLE"],
	"rows": [
		[1, "B1", "T", 1280, -1135, 0],
		[2, "H1", "T", 335, -500, 180],
		[3, "H2", "T", 735, -190, 0],
		[4, "LED1", "T", 1505, -245, 180],
		[5, "R1", "T", 2100, -440, 90],
		[6, "S1-SENSOR INCLINAÇÃO", "T", 200, -205, 0],
		[7, "PAD1", "T", 170.47, -205, 0],
		[8, "PAD1", "B", 170.47, -205, 0],
		[9, "PAD2", "T", 229.53, -205, 0],
		[10, "PAD2", "B", 229.53, -205, 0],
		[11, "PAD3", "T", 2100, -646.69, 0],
		[12, "PAD3", "B", 2100, -646.69, 0],
		[13, "PAD4", "T", 2100, -233.31, 0],
		[14, "PAD4", "B", 2100, -233.31, 0],
		[15, "PAD5", "T", 1555, -245, 0],
		[16, "PAD5", "B", 1555, -245, 0],
		[17, "PAD6", "T", 1455, -245, 0],
		[18, "PAD6", "B", 1455, -245, 0],
		[19, "PAD7", "T", 385, -500, 0],
		[20, "PAD7", "B", 385, -500, 0],
		[21, "PAD8", "T", 285, -500, 0],
		[22, "PAD8", "B", 285, -500, 0],
		[23, "PAD9", "T", 685, -190, 0],
		[24, "PAD9", "B", 685, -190, 0],
		[25, "PAD10", "T", 785, -190, 0],
		[26, "PAD10", "B", 785, -190, 0],
		[27, "PAD11", "T", 191.42, -1135, 0],
		[28, "PAD11", "B", 191.42, -1135, 0],
		[29, "PAD12", "T", 2368.58, -1135, 0],
		[30, "PAD12", "B", 2368.58, -1135, 0]
	]
},
"pins": {
	"fields": ["PIN_NO", "PIN_NAME", "PIN_X", "PIN_Y", "LAYER", "PIN_TYPE", "NET_NAME", "NET_TYPE", "PAD_SHAPE", "PAD_SIZEX", "PAD_SIZEY", "HOLE_SIZE", "HOLE_LEN", "PAD_ANGLE"],
	"rows": [
		[1, "B1_1", 191.42, -1135, "T", "DIP", "VCC", "", "C", 90.551, 90.551, 59.056, 59.056, 0],
		[2, "B1_1", 191.42, -1135, "B", "DIP", "VCC", "", "C", 90.551, 90.551, 59.056, 59.056, 0],
		[3, "B1_2", 2368.58, -1135, "T", "DIP", "GND", "GND", "C", 90.551, 90.551, 59.056, 59.056, 0],
		[4, "B1_2", 2368.58, -1135, "B", "DIP", "GND", "GND", "C", 90.551, 90.551, 59.056, 59.056, 0],
		[5, "H1_1", 385, -500, "T", "DIP", "$1N2446", "", "R", 78.74, 78.74, 47.244, 47.244, 180],
		[6, "H1_1", 385, -500, "B", "DIP", "$1N2446", "", "R", 78.74, 78.74, 47.244, 47.244, 180],
		[7, "H1_2", 285, -500, "T", "DIP", "VCC", "", "C", 78.74, 78.74, 47.244, 47.244, 180],
		[8, "H1_2", 285, -500, "B", "DIP", "VCC", "", "C", 78.74, 78.74, 47.244, 47.244, 180],
		[9, "H2_1", 685, -190, "T", "DIP", "$1N2558", "", "R", 78.74, 78.74, 47.244, 47.244, 0],
		[10, "H2_1", 685, -190, "B", "DIP", "$1N2558", "", "R", 78.74, 78.74, 47.244, 47.244, 0],
		[11, "H2_2", 785, -190, "T", "DIP", "$1N2558", "", "C", 78.74, 78.74, 47.244, 47.244, 0],
		[12, "H2_2", 785, -190, "B", "DIP", "$1N2558", "", "C", 78.74, 78.74, 47.244, 47.244, 0],
		[13, "LED1_1", 1555, -245, "T", "DIP", "$1N2446", "", "C", 70.866, 70.866, 39.37, 39.37, 180],
		[14, "LED1_1", 1555, -245, "B", "DIP", "$1N2446", "", "C", 70.866, 70.866, 39.37, 39.37, 180],
		[15, "LED1_2", 1455, -245, "T", "DIP", "$1N2558", "", "C", 70.866, 70.866, 39.37, 39.37, 180],
		[16, "LED1_2", 1455, -245, "B", "DIP", "$1N2558", "", "C", 70.866, 70.866, 39.37, 39.37, 180],
		[17, "R1_1", 2100, -646.69, "T", "DIP", "GND", "GND", "C", 74, 74, 39.37, 39.37, 90],
		[18, "R1_1", 2100, -646.69, "B", "DIP", "GND", "GND", "C", 74, 74, 39.37, 39.37, 90],
		[19, "R1_2", 2100, -233.31, "T", "DIP", "$1N2446", "", "C", 74, 74, 39.37, 39.37, 90],
		[20, "R1_2", 2100, -233.31, "B", "DIP", "$1N2446", "", "C", 74, 74, 39.37, 39.37, 90],
		[21, "S1-SENSOR INCLINAÇÃO_1", 170.47, -205, "T", "DIP", "VCC", "", "C", 47.244, 47.244, 27.56, 27.56, 0],
		[22, "S1-SENSOR INCLINAÇÃO_1", 170.47, -205, "B", "DIP", "VCC", "", "C", 47.244, 47.244, 27.56, 27.56, 0],
		[23, "S1-SENSOR INCLINAÇÃO_2", 229.53, -205, "T", "DIP", "$1N2558", "", "C", 47.244, 47.244, 27.56, 27.56, 0],
		[24, "S1-SENSOR INCLINAÇÃO_2", 229.53, -205, "B", "DIP", "$1N2558", "", "C", 47.244, 47.244, 27.56, 27.56, 0],
		[25, "PAD1_1", 170.47, -205, "T", "DIP", "VCC", "", "C", 47.244, 47.244, 27.56, 27.56, 0],
		[26, "PAD1_1", 170.47, -205, "B", "DIP", "VCC", "", "C", 47.244, 47.244, 27.56, 27.56, 0],
		[27, "PAD2_2", 229.53, -205, "T", "DIP", "$1N2558", "", "C", 47.244, 47.244, 27.56, 27.56, 0],
		[28, "PAD2_2", 229.53, -205, "B", "DIP", "$1N2558", "", "C", 47.244, 47.244, 27.56, 27.56, 0],
		[29, "PAD3_1", 2100, -646.69, "T", "DIP", "GND", "GND", "C", 74, 74, 39.37, 39.37, 90],
		[30, "PAD3_1", 2100, -646.69, "B", "DIP", "GND", "GND", "C", 74, 74, 39.37, 39.37, 90],
		[31, "PAD4_2", 2100, -233.31, "T", "DIP", "$1N2446", "", "C", 74, 74, 39.37, 39.37, 90],
		[32, "PAD4_2", 2100, -233.31, "B", "DIP", "$1N2446", "", "C", 74, 74, 39.37, 39.37, 90],
		[33, "PAD5_1", 1555, -245, "T", "DIP", "$1N2446", "", "C", 70.866, 70.866, 39.37, 39.37, 180],
		[34, "PAD5_1", 1555, -245, "B", "DIP", "$1N2446", "", "C", 70.866, 70.866, 39.37, 39.37, 180],
		[35, "PAD6_2", 1455, -245, "T", "DIP", "$1N2558", "", "C", 70.866, 70.866, 39.37, 39.37, 180],
		[36, "PAD6_2", 1455, -245, "B", "DIP", "$1N2558", "", "C", 70.866, 70.866, 39.37, 39.37, 180],
		[37, "PAD7_1", 385, -500, "T", "DIP", "$1N2446", "", "R", 78.74, 78.74, 47.244, 47.244, 180],
		[38, "PAD7_1", 385, -500, "B", "DIP", "$1N2446", "", "R", 78.74, 78.74, 47.244, 47.244, 180],
		[39, "PAD8_2", 285, -500, "T", "DIP", "VCC", "", "C", 78.74, 78.74, 47.244, 47.244, 180],
		[40, "PAD8_2", 285, -500, "B", "DIP", "VCC", "", "C", 78.74, 78.74, 47.244, 47.244, 180],
		[41, "PAD9_1", 685, -190, "T", "DIP", "$1N2558", "", "R", 78.74, 78.74, 47.244, 47.244, 0],
		[42, "PAD9_1", 685, -190, "B", "DIP", "$1N2558", "", "R", 78.74, 78.74, 47.244, 47.244, 0],
		[43, "PAD10_2", 785, -190, "T", "DIP", "$1N2558", "", "C", 78.74, 78.74, 47.244, 47.244, 0],
		[44, "PAD10_2", 785, -190, "B", "DIP", "$1N2558", "", "C", 78.74, 78.74, 47.244, 47.244, 0],
		[45, "PAD11_1", 191.42, -1135, "T", "DIP", "VCC", "", "C", 90.551, 90.551, 59.056, 59.056, 0],
		[46, "PAD11_1", 191.42, -1135, "B", "DIP", "VCC", "", "C", 90.551, 90.551, 59.056, 59.056, 0],
		[47, "PAD12_2", 2368.58, -1135, "T", "DIP", "GND", "GND", "C", 90.551, 90.551, 59.056, 59.056, 0],
		[48, "PAD12_2", 2368.58, -1135, "B", "DIP", "GND", "GND", "C", 90.551, 90.551, 59.056, 59.056, 0]
	]
}
}