{
"lengthUnit": "mil",
"remark": [],
"components": {
	"fields": ["COMPONENT_NO", "COMPONENT_NAME", "LAYER", "X_COORDINATE", "Y_COORDINATE", "ANGLE"],
	"rows": [
		[1, "B1", "T", 1280, -1135, 0],
		[2, "H1", "T", 335, -500, 180],
		[3, "LED1", "T", 1505, -245, 180],
		[4, "R1", "T", 2100, -440, 90],
		[5, "U3", "T", 220, -205, 0],
		[6, "U4", "T", 840, -230, 0],
		[7, "PAD1", "T", 2100, -646.69, 0],
		[8, "PAD1", "B", 2100, -646.69, 0],
		[9, "PAD2", "T", 2100, -233.31, 0],
		[10, "PAD2", "B", 2100, -233.31, 0],
		[11, "PAD3", "T", 1555, -245, 0],
		[12, "PAD3", "B", 1555, -245, 0],
		[13, "PAD4", "T", 1455, -245, 0],
		[14, "PAD4", "B", 1455, -245, 0],
		[15, "PAD5", "T", 385, -500, 0],
		[16, "PAD5", "B", 385, -500, 0],
		[17, "PAD6", "T", 285, -500, 0],
		[18, "PAD6", "B", 285, -500, 0],
		[19, "PAD7", "T", 191.42, -1135, 0],
		[20, "PAD7", "B", 191.42, -1135, 0],
		[21, "PAD8", "T", 2368.58, -1135, 0],
		[22, "PAD8", "B", 2368.58, -1135, 0],
		[23, "PAD9", "T", 172.76, -205, 0],
		[24, "PAD9", "B", 172.76, -205, 0],
		[25, "PAD10", "T", 267.24, -205, 0],
		[26, "PAD10", "B", 267.24, -205, 0],
		[27, "PAD11", "T", 840, -230, 0],
		[28, "PAD11", "B", 840, -230, 0]
	]
},
"pins": {
	"fields": ["PIN_NO", "PIN_NAME", "PIN_X", "PIN_Y", "LAYER", "PIN_TYPE", "NET_NAME", "NET_TYPE", "PAD_SHAPE", "PAD_SIZEX", "PAD_SIZEY", "HOLE_SIZE", "HOLE_LEN", "PAD_ANGLE"],
	"rows": [
		[1, "B1_1", 191.42, -1135, "T", "DIP", "VCC", "", "C", 90.551, 90.551, 59.056, 59.056, 0],
		[2, "B1_1", 191.42, -1135, "B", "DIP", "VCC", "", "C", 90.551, 90.551, 59.056, 59.056, 0],
		[3, "B1_2", 2368.58, -1135, "T", "DIP", "GND", "GND", "C", 90.551, 90.551, 59.056, 59.056, 0],
		[4, "B1_2", 2368.58, -1135, "B", "DIP", "GND", "GND", "C", 90.551, 90.551, 59.056, 59.056, 0],
		[5, "H1_1", 385, -500, "T", "DIP", "$1N2446", "", "R", 78.74, 78.74, 47.244, 47.244, 180],
		[6, "H1_1", 385, -500, "B", "DIP", "$1N2446", "", "R", 78.74, 78.74, 47.244, 47.244, 180],
		[7, "H1_2", 285, -500, "T", "DIP", "VCC", "", "C", 78.74, 78.74, 47.244, 47.244, 180],
		[8, "H1_2", 285, -500, "B", "DIP", "VCC", "", "C", 78.74, 78.74, 47.244, 47.244, 180],
		[9, "LED1_1", 1555, -245, "T", "DIP", "$1N2446", "", "C", 70.866, 70.866, 39.37, 39.37, 180],
		[10, "LED1_1", 1555, -245, "B", "DIP", "$1N2446", "", "C", 70.866, 70.866, 39.37, 39.37, 180],
		[11, "LED1_2", 1455, -245, "T", "DIP", "$1N4650", "", "C", 70.866, 70.866, 39.37, 39.37, 180],
		[12, "LED1_2", 1455, -245, "B", "DIP", "$1N4650", "", "C", 70.866, 70.866, 39.37, 39.37, 180],
		[13, "R1_1", 2100, -646.69, "T", "DIP", "GND", "GND", "C", 74, 74, 39.37, 39.37, 90],
		[14, "R1_1", 2100, -646.69, "B", "DIP", "GND", "GND", "C", 74, 74, 39.37, 39.37, 90],
		[15, "R1_2", 2100, -233.31, "T", "DIP", "$1N2446", "", "C", 74, 74, 39.37, 39.37, 90],
		[16, "R1_2", 2100, -233.31, "B", "DIP", "$1N2446", "", "C", 74, 74, 39.37, 39.37, 90],
		[17, "U3_1", 172.76, -205, "T", "DIP", "VCC", "", "C", 59.055, 59.055, 31.496, 31.496, 0],
		[18, "U3_1", 172.76, -205, "B", "DIP", "VCC", "", "C", 59.055, 59.055, 31.496, 31.496, 0],
		[19, "U3_2", 267.24, -205, "T", "DIP", "$1N4650", "", "C", 59.055, 59.055, 31.496, 31.496, 0],
		[20, "U3_2", 267.24, -205, "B", "DIP", "$1N4650", "", "C", 59.055, 59.055, 31.496, 31.496, 0],
		[21, "U4_1", 840, -230, "T", "DIP", "$1N4650", "", "R", 66.929, 66.929, 43.308, 43.308, 0],
		[22, "U4_1", 840, -230, "B", "DIP", "$1N4650", "", "R", 66.929, 66.929, 43.308, 43.308, 0],
		[23, "PAD1_1", 2100, -646.69, "T", "DIP", "GND", "GND", "C", 74, 74, 39.37, 39.37, 90],
		[24, "PAD1_1", 2100, -646.69, "B", "DIP", "GND", "GND", "C", 74, 74, 39.37, 39.37, 90],
		[25, "PAD2_2", 2100, -233.31, "T", "DIP", "$1N2446", "", "C", 74, 74, 39.37, 39.37, 90],
		[26, "PAD2_2", 2100, -233.31, "B", "DIP", "$1N2446", "", "C", 74, 74, 39.37, 39.37, 90],
		[27, "PAD3_1", 1555, -245, "T", "DIP", "$1N2446", "", "C", 70.866, 70.866, 39.37, 39.37, 180],
		[28, "PAD3_1", 1555, -245, "B", "DIP", "$1N2446", "", "C", 70.866, 70.866, 39.37, 39.37, 180],
		[29, "PAD4_2", 1455, -245, "T", "DIP", "$1N4650", "", "C", 70.866, 70.866, 39.37, 39.37, 180],
		[30, "PAD4_2", 1455, -245, "B", "DIP", "$1N4650", "", "C", 70.866, 70.866, 39.37, 39.37, 180],
		[31, "PAD5_1", 385, -500, "T", "DIP", "$1N2446", "", "R", 78.74, 78.74, 47.244, 47.244, 180],
		[32, "PAD5_1", 385, -500, "B", "DIP", "$1N2446", "", "R", 78.74, 78.74, 47.244, 47.244, 180],
		[33, "PAD6_2", 285, -500, "T", "DIP", "VCC", "", "C", 78.74, 78.74, 47.244, 47.244, 180],
		[34, "PAD6_2", 285, -500, "B", "DIP", "VCC", "", "C", 78.74, 78.74, 47.244, 47.244, 180],
		[35, "PAD7_1", 191.42, -1135, "T", "DIP", "VCC", "", "C", 90.551, 90.551, 59.056, 59.056, 0],
		[36, "PAD7_1", 191.42, -1135, "B", "DIP", "VCC", "", "C", 90.551, 90.551, 59.056, 59.056, 0],
		[37, "PAD8_2", 2368.58, -1135, "T", "DIP", "GND", "GND", "C", 90.551, 90.551, 59.056, 59.056, 0],
		[38, "PAD8_2", 2368.58, -1135, "B", "DIP", "GND", "GND", "C", 90.551, 90.551, 59.056, 59.056, 0],
		[39, "PAD9_1", 172.76, -205, "T", "DIP", "VCC", "", "C", 59.055, 59.055, 31.496, 31.496, 0],
		[40, "PAD9_1", 172.76, -205, "B", "DIP", "VCC", "", "C", 59.055, 59.055, 31.496, 31.496, 0],
		[41, "PAD10_2", 267.24, -205, "T", "DIP", "$1N4650", "", "C", 59.055, 59.055, 31.496, 31.496, 0],
		[42, "PAD10_2", 267.24, -205, "B", "DIP", "$1N4650", "", "C", 59.055, 59.055, 31.496, 31.496, 0],
		[43, "PAD11_1", 840, -230, "T", "DIP", "$1N4650", "", "R", 66.929, 66.929, 43.308, 43.308, 0],
		[44, "PAD11_1", 840, -230, "B", "DIP", "$1N4650", "", "R", 66.929, 66.929, 43.308, 43.308, 0]
	]
}
}